State,District,Total Households,Rural Households,Urban Households,Total Households With Internet Pct,Rural Households With Internet Pct,Urban Households With Internet Pct
Andaman And Nicobar Islands,Nicobar,9959.0,9959.0,-,0.57,0.57,0.0
Andaman And Nicobar Islands,North And Middle Andaman,26327.0,25586.0,741.0,1.47,1.46,1.89
Andaman And Nicobar Islands,South Andaman (Andaman),57090.0,23485.0,33605.0,4.89,1.67,7.13
Andhra Pradesh,Anantapur,961165.0,698439.0,262726.0,0.57,0.29,1.1
Andhra Pradesh,Srikakulam,689323.0,580048.0,109275.0,0.58,0.31,2.02
Andhra Pradesh,Visakhapatnam,1126166.0,583474.0,542692.0,4.04,0.47,7.88
Andhra Pradesh,Vizianagaram,596605.0,475145.0,121460.0,0.75,0.24,2.74
Andhra Pradesh,West Godavari,1075780.0,870607.0,205173.0,1.12,0.53,3.61
Andhra Pradesh,Chittoor,1022116.0,727635.0,294481.0,1.35,0.4,3.68
Andhra Pradesh,East Godavari,1407410.0,1063044.0,344366.0,1.59,0.65,4.51
Andhra Pradesh,Guntur,1287831.0,877109.0,410722.0,1.51,0.47,3.7
Andhra Pradesh,Ysr (Kadapa),703136.0,475919.0,227217.0,0.95,0.47,1.96
Andhra Pradesh,Krishna,1227257.0,754361.0,472896.0,2.48,0.59,5.5
Andhra Pradesh,Kurnool,877182.0,630786.0,246396.0,1.15,0.4,3.08
Andhra Pradesh,Prakasam,857276.0,692542.0,164734.0,0.72,0.34,2.3
Andhra Pradesh,Sri Potti Sriramulu Nellore,772625.0,567914.0,204711.0,1.32,0.41,3.85
Arunachal,Anjaw,4180.0,4060.0,120.0,0.65,0.67,0.0
Arunachal Pradesh,Papum Pare,33476.0,13537.0,19939.0,7.4,3.79,9.85
Arunachal Pradesh,Tawang,9477.0,7891.0,1586.0,1.01,0.61,3.03
Arunachal Pradesh,Tirap,19485.0,15458.0,4027.0,0.5,0.17,1.79
Arunachal Pradesh,Upper Siang,7186.0,5652.0,1534.0,1.35,0.3,5.22
Arunachal Pradesh,Upper Subansiri,15541.0,12952.0,2589.0,0.89,0.36,3.55
Arunachal Pradesh,West Kameng,16405.0,12542.0,3863.0,1.23,0.6,3.29
Arunachal Pradesh,West Siang,20474.0,15387.0,5087.0,1.48,0.62,4.07
Arunachal Pradesh,Longding,Not available,Not available,Not available,Not available,Not available,Not available
Arunachal,Changlang,28428.0,24444.0,3984.0,0.6,0.27,2.59
Arunachal Pradesh,Dibang Valley,1871.0,1297.0,574.0,0.91,0.54,1.74
Arunachal Pradesh,East Kameng,14610.0,11078.0,3532.0,0.39,0.12,1.25
Arunachal Pradesh,East Siang,19095.0,12904.0,6191.0,2.36,1.56,4.02
Arunachal Pradesh,Kurung Kumey,15962.0,15417.0,545.0,0.6,0.43,5.32
Arunachal Pradesh,Lohit,29407.0,22412.0,6995.0,1.06,0.37,3.26
Arunachal Pradesh,Lower Dibang Valley,10883.0,8626.0,2257.0,1.9,1.28,4.3
Arunachal Pradesh,Lower Subansiri,15134.0,12066.0,3068.0,2.52,1.99,4.6
Assam,Baksa,190667.0,188191.0,2476.0,0.62,0.6,1.53
Assam,Dima Hasao,42888.0,29499.0,13389.0,1.22,0.42,2.98
Assam,Goalpara,197545.0,168874.0,28671.0,0.69,0.43,2.25
Assam,Golaghat,224853.0,202469.0,22384.0,1.37,0.82,6.31
Assam,Hailakandi,143567.0,133055.0,10512.0,0.84,0.61,3.84
Assam,Jorhat,233118.0,181811.0,51307.0,2.42,1.14,6.97
Assam,Kamrup (Rural),305342.0,274590.0,30752.0,1.02,0.87,2.35
Assam,Kamrup Metropolitan,290388.0,42247.0,248141.0,10.03,1.73,11.44
Assam,Karbi Anglong,176991.0,152837.0,24118.0,1.09,0.78,3.05
Assam,Karimganj,247247.0,223720.0,23527.0,0.78,0.51,3.41
Assam,Kokrajhar,180071.0,168278.0,11793.0,0.68,0.43,4.26
Assam,Barpeta,338472.0,306688.0,31784.0,0.61,0.4,2.66
Assam,Lakhimpur,203272.0,181790.0,21482.0,68.6,0.6,4.01
Assam,Morigaon,185523.0,169007.0,16516.0,0.77,0.47,3.79
Assam,Nagaon,560857.0,480208.0,80649.0,0.91,0.54,3.16
Assam,Nalibari,155352.0,137639.0,17713.0,1.05,0.77,3.26
Assam,North Cachar Hills,Not available,Not available,Not available,,,
Assam,Sivasagar,246983.0,220760.0,26223.0,2.08,1.37,8.1
Assam,Sonitpur,386899.0,346401.0,40498.0,1.13,0.73,4.49
Assam,Tinsukia,268383.0,209603.0,58780.0,1.91,0.94,5.37
Assam,Udalguri,168047.0,159630.0,8417.0,0.86,0.77,2.63
Assam,Bongaigaon,150287.0,124874.0,25413.0,1.68,0.5,7.48
Assam,Cachar,368043.0,299194.0,68849.0,1.44,0.57,5.25
Assam,Chirang,97259.0,89657.0,7602.0,0.77,0.71,1.47
Assam,Darrang,188052.0,175393.0,12659.0,0.62,0.45,2.95
Assam,Dhemaji,129559.0,119112.0,10447.0,0.92,0.6,4.56
Assam,Dhubri,414689.0,370734.0,43955.0,2.53,2.78,0.43
Assam,Dibrugarh,272941.0,218256.0,54685.0,3.23,1.31,10.91
Bihar,Araria,561455.0,529611.0,31844.0,0.46,0.36,2.14
Bihar,Gaya,690505.0,603194.0,87311.0,0.99,0.52,4.27
Bihar,Gopalganj,421727.0,396391.0,25336.0,0.88,0.77,2.59
Bihar,Jamui,308291.0,283684.0,24607.0,0.6,0.45,2.27
Bihar,Jehanabad,181646.0,159632.0,22014.0,0.61,0.43,1.88
Bihar,Kaimur (Bhabua),245048.0,235155.0,9893.0,0.86,0.79,2.4
Bihar,Katihar,617063.0,563679.0,53384.0,0.48,0.29,2.44
Bihar,Khagaria,327701.0,312199.0,15502.0,0.48,0.4,2.07
Bihar,Kishanganj,335711.0,304695.0,31016.0,0.33,0.21,1.49
Bihar,Lakhisarai,164430.0,140728.0,23702.0,0.72,0.64,1.2
Bihar,Madhepuara,401001.0,383792.0,17209.0,0.35,0.28,1.78
Bihar,Arwal,117803.0,109546.0,8257.0,0.35,0.35,0.42
Bihar,Madhubani,901539.0,871575.0,29964.0,0.59,0.54,2.01
Bihar,Munger,263749.0,193801.0,69948.0,1.01,0.61,2.11
Bihar,Muzaffarpur,947863.0,859579.0,88284.0,1.09,0.75,4.4
Bihar,Nalanda,487322.0,411602.0,75720.0,0.85,0.63,2.07
Bihar,Nawada,346749.0,313669.0,33080.0,0.53,0.39,1.86
Bihar,Pashchim Champaran,708065.0,635151.0,72914.0,0.49,0.37,1.61
Bihar,Patna,957441.0,544392.0,413049.0,4.25,0.89,8.68
Bihar,Purba Champaran,984303.0,913167.0,71136.0,0.78,0.65,2.51
Bihar,Purnia,640713.0,576602.0,64111.0,0.65,0.36,3.31
Bihar,Rohtas,455878.0,387316.0,68562.0,1.01,0.75,2.44
Bihar,Aurangabad,387122.0,351828.0,35294.0,0.61,0.48,1.9
Bihar,Saharsa,368212.0,339776.0,28436.0,0.45,0.28,2.46
Bihar,Samastipur,850353.0,822111.0,28242.0,0.63,0.55,3.09
Bihar,Saran,641742.0,585844.0,55898.0,0.7,0.53,2.52
Bihar,Sheikhpura,103748.0,86465.0,17283.0,0.61,0.48,1.27
Bihar,Sheohar,148889.0,143121.0,5768.0,0.32,0.29,1.13
Bihar,Sitamarhi,733083.0,696184.0,36899.0,0.47,0.37,2.44
Bihar,Siwan,544879.0,516701.0,28178.0,0.7,0.58,2.99
Bihar,Supaul,440804.0,420420.0,20384.0,0.42,0.38,1.21
Bihar,Vaishali,632626.0,595165.0,37461.0,0.76,0.65,2.55
Bihar,Banka,380013.0,366656.0,13357.0,0.45,0.41,1.53
Bihar,Begusarai,596110.0,488062.0,108048.0,0.78,0.49,2.09
Bihar,Bhagalpur,563306.0,458960.0,104346.0,1.2,0.63,3.72
Bihar,Bhojpur,415555.0,357782.0,57773.0,0.88,0.61,2.55
Bihar,Buxur,262398.0,236453.0,25945.0,0.68,0.55,1.84
Bihar,Darbhanga,805786.0,732270.0,73516.0,0.78,0.54,3.18
Chandigarh,Chandigarh,235061.0,6785.0,228276.0,18.84,3.55,19.29
Chhattisgarh,Balod,Not available,Not available,Not available,Not available,Not available,Not available
Chhattisgarh,Durg,693001.0,422563.0,270438.0,2.33,0.24,5.59
Chhattisgarh,Gariaband,Not available,Not available,Not available,Not available,Not available,Not available
Chhattisgarh,Janjgir - Champa,377496.0,330103.0,47393.0,0.45,0.23,1.99
Chhattisgarh,Jashpur,190527.0,175008.0,15519.0,0.3,0.15,1.93
Chhattisgarh,Kanker (Uttar Bastar Kanker),158184.0,141247.0,16937.0,0.37,0.14,2.25
Chhattisgarh,Kawardha (Kabeerdham),176758.0,158483.0,18275.0,0.39,0.27,1.4
Chhattisgarh,Kondagoan,Not available,Not available,Not available,Not available,Not available,Not available
Chhattisgarh,Korba,277071.0,180798.0,96273.0,1.64,0.17,4.4
Chhattisgarh,Koriya,152075.0,107424.0,44651.0,1.1,0.27,3.09
Chhattisgarh,Mahasamund,256504.0,230027.0,26477.0,0.37,0.2,1.93
Chhattisgarh,Balodabazar,Not available,Not available,Not available,Not available,Not available,Not available
Chhattisgarh,Mungeli,Not available,Not available,Not available,Not available,Not available,Not available
Chhattisgarh,Narayanpur,26953.0,22516.0,4437.0,0.32,0.1,1.44
Chhattisgarh,Raigarh,361664.0,309691.0,51973.0,0.92,0.47,3.65
Chhattisgarh,Raipur,861067.0,561916.0,299151.0,2.35,0.32,6.17
Chhattisgarh,Rajnandgaon,315535.0,256900.0,58635.0,0.67,0.22,2.65
Chhattisgarh,Sukma,Not available,Not available,Not available,Not available,Not available,Not available
Chhattisgarh,Surajpur,Not available,Not available,Not available,Not available,Not available,Not available
Chhattisgarh,Surguja,520566.0,472991.0,47575.0,0.53,0.16,4.15
Chhattisgarh,Balrampur,Not available,Not available,Not available,Not available,Not available,Not available
Chhattisgarh,Bastar,306807.0,265210.0,41597.0,0.58,0.17,3.2
Chhattisgarh,Bemetara,Not available,Not available,Not available,Not available,Not available,Not available
Chhattisgarh,Bijapur,50402.0,44544.0,5858.0,0.23,0.12,1.09
Chhattisgarh,Bilaspur,615895.0,475742.0,140153.0,1.39,0.24,5.28
Chhattisgarh,Dantewada (Dakshin Bastar Dantewada),114067.0,92379.0,21688.0,0.84,0.16,3.71
Chhattisgarh,Dhamtari,168278.0,136570.0,31708.0,0.6,0.2,2.35
Dadra And Nagar Haveli,Dadra And Nagar Haveli,73063.0,35408.0,37655.0,2.76,0.67,4.71
Daman And Diu,Daman,49692.0,7340.0,42352.0,2.65,1.65,2.82
Daman And Diu,Diu,10689.0,5410.0,5279.0,3.44,1.39,5.55
Nct Of Delhi,Central Delhi,114587.0,0.0,114587.0,17.21,0.0,17.21
Nct Of Delhi,South East Delhi,Not available,Not available,Not available,Not available,Not available,Not available
Nct Of Delhi,Shahdara,Not available,Not available,Not available,Not available,Not available,Not available
Nct Of Delhi,East Delhi,354385.0,827.0,353558.0,22.58,41.72,22.54
Nct Of Delhi,New Delhi,30385.0,0.0,30385.0,24.24,0.0,24.24
Nct Of Delhi,North Delhi,175890.0,3184.0,172706.0,12.18,2.36,12.36
Nct Of Delhi,North East Delhi,395060.0,3720.0,391340.0,7.69,2.82,7.74
Nct Of Delhi,North West Delhi,730034.0,41486.0,688548.0,15.62,3.29,16.35
Nct Of Delhi,South Delhi,553722.0,2254.0,551468.0,20.13,10.07,20.17
Nct Of Delhi,South West Delhi,462772.0,26493.0,436279.0,20.5,4.7,21.46
Nct Of Delhi,West Delhi,523703.0,1151.0,522552.0,20.94,2.52,20.98
Goa,North Goa,179085.0,71412.0,107673.0,13.09,6.6,17.39
Goa,South Goa,143728.0,53262.0,90466.0,12.26,7.79,14.9
Gujarat,Ahmadabad,1494656.0,228886.0,1265770.0,8.45,0.44,9.9
Gujarat,Dahod,329872.0,294997.0,34875.0,0.53,0.12,3.93
Gujarat,The Dangs,48448.0,43842.0,4606.0,0.28,0.14,1.67
Gujarat,Devbhoomi Dwarka,Not available,Not available,Not available,Not available,Not available,Not available
Gujarat,Gandhinagar,287200.0,160460.0,126740.0,4.22,0.85,8.47
Gujarat,Gir Somnath,Not available,Not available,Not available,Not available,Not available,Not available
Gujarat,Jamnagar,424336.0,230295.0,194041.0,2.73,0.56,5.3
Gujarat,Junagadh,526674.0,346939.0,179735.0,1.26,0.5,2.71
Gujarat,Kachchh,444761.0,285991.0,158770.0,2.17,0.67,4.87
Gujarat,Kheda,462134.0,358132.0,104002.0,1.24,0.46,3.91
Gujarat,Mahisagar,Not available,Not available,Not available,Not available,Not available,Not available
Gujarat,Amreli,294071.0,218891.0,75180.0,0.86,0.51,1.88
Gujarat,Mehesana,425907.0,318040.0,107867.0,1.82,0.77,4.91
Gujarat,Morbi,Not available,Not available,Not available,Not available,Not available,Not available
Gujarat,Narmada,122039.0,109005.0,13034.0,0.47,0.19,2.85
Gujarat,Navsari,294176.0,203615.0,90561.0,2.29,1.03,5.11
Gujarat,Panch Mahals,446746.0,378617.0,68129.0,0.77,0.22,3.83
Gujarat,Patan,269174.0,210593.0,58581.0,0.83,0.35,2.56
Gujarat,Porbandar,124769.0,63553.0,61216.0,1.32,0.42,2.26
Gujarat,Rajkot,782631.0,313713.0,468918.0,2.78,0.5,4.31
Gujarat,Sabarkantha,478497.0,404203.0,74294.0,1.1,0.61,3.79
Gujarat,Surat,1299670.0,263433.0,1036237.0,4.29,1.25,5.06
Gujarat,Anand,427164.0,297069.0,130095.0,2.32,0.83,5.72
Gujarat,Surendranagar,342337.0,241831.0,100506.0,0.87,0.31,2.21
Gujarat,Tapi,175717.0,159096.0,16621.0,0.91,0.41,5.67
Gujarat,Vadodara,880121.0,418851.0,461270.0,6.09,0.38,11.28
Gujarat,Valsad,361928.0,215288.0,146640.0,3.04,0.71,6.48
Gujarat,Aravalli,Not available,Not available,Not available,Not available,Not available,Not available
Gujarat,Banas Kantha,561128.0,479308.0,81820.0,0.61,0.29,2.5
Gujarat,Bharuch,335098.0,217028.0,118070.0,3.06,1.03,6.8
Gujarat,Bhavnagar,542464.0,303727.0,238737.0,1.35,0.31,2.67
Gujarat,Batod,Not available,Not available,Not available,Not available,Not available,Not available
Gujarat,Chhota Udepur,Not available,Not available,Not available,Not available,Not available,Not available
Haryana,Ambala,208071.0,112525.0,95546.0,6.2,2.17,10.94
Haryana,Karnal,284551.0,194003.0,90548.0,3.92,1.16,9.83
Haryana,Kurukshetra,179391.0,126220.0,53171.0,4.1,1.66,9.9
Haryana,Mahendragarh,168525.0,145235.0,23290.0,1.56,1.1,4.39
Haryana,Mewat,157020.0,137261.0,19759.0,0.6,0.37,2.18
Haryana,Palwal,167810.0,127165.0,40645.0,2.55,0.95,7.56
Haryana,Panchkula,110236.0,42651.0,67585.0,16.89,1.68,26.48
Haryana,Panipat,220388.0,114922.0,105466.0,4.55,1.87,7.46
Haryana,Rewari,169128.0,126261.0,42867.0,3.03,1.6,7.24
Haryana,Rohtak,202933.0,115506.0,87427.0,4.18,1.15,8.18
Haryana,Sirsa,240217.0,178789.0,61428.0,2.62,1.19,6.76
Haryana,Bhiwani,308812.0,245761.0,63051.0,1.71,0.85,5.08
Haryana,Sonipat,269658.0,180286.0,89372.0,3.35,1.25,7.59
Haryana,Yamunanagar,228163.0,133009.0,95154.0,3.54,1.21,6.8
Haryana,Faridabad,353066.0,60315.0,292751.0,12.3,2.01,14.42
Haryana,Fatehabad,176094.0,141266.0,34828.0,1.82,1.06,4.93
Haryana,Gurgaon,320642.0,88013.0,232629.0,20.92,1.83,28.14
Haryana,Hisar,325046.0,221028.0,104018.0,3.12,0.82,8.0
Haryana,Jhajjar,183400.0,134340.0,49060.0,2.74,1.36,6.53
Haryana,Jind,244582.0,187059.0,57523.0,2.15,1.06,5.7
Haryana,Kaithal,200221.0,154438.0,45783.0,1.86,0.99,4.81
Himachal Pradesh,Bilaspur,80453.0,74661.0,5792.0,1.96,1.55,7.17
Himachal Pradesh,Sirmaur,97090.0,84317.0,12773.0,2.29,1.1,10.09
Himachal Pradesh,Solan,123353.0,97237.0,26116.0,4.26,2.73,9.93
Himachal Pradesh,Una,109699.0,99791.0,9908.0,2.2,1.9,5.24
Himachal Pradesh,Chamba,101972.0,94574.0,7398.0,1.58,0.97,9.45
Himachal Pradesh,Hamirpur,105068.0,97893.0,7175.0,2.4,1.82,10.27
Himachal Pradesh,Kangra,336407.0,316419.0,19988.0,2.39,1.95,9.43
Himachal Pradesh,Kinnaur,19535.0,19535.0,,1.81,1.81,0.0
Himachal Pradesh,Kullu,95545.0,84501.0,11044.0,2.75,1.7,0.71
Himachal Pradesh,Lahaul & Spiti,6695.0,6695.0,0.0,0.91,0.91,0.0
Himachal Pradesh,Mandi,219994.0,204051.0,15943.0,2.42,1.76,10.95
Himachal Pradesh,Shimla,180770.0,130864.0,49906.0,0.78,0.78,0.0
Jammu & Kashmir,Anantnag,142987.0,109465.0,33522.0,1.9,1.29,3.88
Jammu & Kashmir,Kishtwar,44517.0,41968.0,2549.0,0.62,0.4,4.24
Jammu & Kashmir,Kupwara,106777.0,96737.0,10040.0,0.71,0.62,1.66
Jammu & Kashmir,Kulgam,69203.0,56316.0,12887.0,1.21,1.09,1.75
Jammu & Kashmir,Leh,20777.0,14590.0,6187.0,2.76,1.45,5.85
Jammu & Kashmir,Pulwama,81241.0,71063.0,10178.0,1.89,1.52,4.46
Jammu & Kashmir,Punch,88878.0,81670.0,7208.0,0.39,0.27,1.75
Jammu & Kashmir,Rajouri,124000.0,117183.0,6817.0,0.54,0.33,4.2
Jammu & Kashmir,Ramban,54206.0,52261.0,1945.0,0.77,0.69,2.93
Jammu & Kashmir,Reasi,54792.0,49914.0,4878.0,1.1,0.63,5.88
Jammu & Kashmir,Samba,62817.0,53197.0,9620.0,1.58,1.29,3.17
Jammu & Kashmir,Badgam,99219.0,86083.0,13136.0,2.01,1.51,5.31
Jammu & Kashmir,Shupiyan,41947.0,39486.0,2461.0,2.11,1.71,8.49
Jammu & Kashmir,Srinagar,167448.0,2690.0,164758.0,9.8,1.49,9.94
Jammu & Kashmir,Udhampur,93562.0,77104.0,16458.0,1.3,0.36,5.7
Jammu & Kashmir,Bandipora,56794.0,47620.0,9174.0,1.73,1.3,3.97
Jammu & Kashmir,Baramula,145990.0,119791.0,26199.0,2.53,1.75,6.12
Jammu & Kashmir,Doda,78620.0,72580.0,6040.0,0.76,0.59,2.75
Jammu & Kashmir,Ganderbal,43249.0,36626.0,6623.0,2.03,1.76,3.53
Jammu & Kashmir,Jammu,302016.0,155851.0,146165.0,6.59,1.23,12.3
Jammu & Kashmir,Kargil,18212.0,15442.0,2770.0,1.29,0.9,3.47
Jammu & Kashmir,Kathua,117836.0,100283.0,17553.0,1.22,0.72,4.08
Jharkhand,Bokaro,391438.0,204021.0,187417.0,2.49,0.36,4.81
Jharkhand,Hazaribagh,301227.0,252871.0,48356.0,1.17,0.49,4.73
Jharkhand,Jamtara,150103.0,135540.0,14563.0,0.54,0.35,2.28
Jharkhand,Khunti,102654.0,93762.0,8892.0,0.41,0.22,2.42
Jharkhand,Kodarma,114060.0,90207.0,23853.0,0.74,0.31,2.39
Jharkhand,Latehar,132685.0,122902.0,9783.0,0.26,0.14,1.7
Jharkhand,Lohardaga,91302.0,80295.0,11007.0,0.38,0.12,2.33
Jharkhand,Pakur,180578.0,167362.0,13216.0,0.18,0.08,1.45
Jharkhand,Palamu,355515.0,316135.0,39380.0,0.61,0.32,2.92
Jharkhand,Pashchimi Singhbhum,299883.0,256019.0,43864.0,0.65,0.24,3.09
Jharkhand,Purbi Singhbhum,469702.0,215676.0,254026.0,4.69,0.4,8.33
Jharkhand,Chatra,180912.0,170239.0,10673.0,0.33,0.18,2.68
Jharkhand,Ramgarh,177197.0,97889.0,79308.0,1.62,0.55,2.95
Jharkhand,Ranchi,556789.0,322679.0,243110.0,4.05,0.51,8.92
Jharkhand,Sahibganj,224517.0,193809.0,30708.0,0.26,0.12,1.16
Jharkhand,Saraikela-Kharsawan,217994.0,165883.0,52111.0,1.2,0.33,3.94
Jharkhand,Simdega,116606.0,108683.0,7923.0,0.36,0.22,2.33
Jharkhand,Deoghar,260316.0,214896.0,45420.0,0.75,0.18,3.42
Jharkhand,Dhanbad,499179.0,207157.0,292022.0,2.32,0.66,3.5
Jharkhand,Dumka,272925.0,255926.0,16999.0,0.44,0.26,3.16
Jharkhand,Garhwa,254710.0,241497.0,13213.0,0.22,0.13,1.88
Jharkhand,Giridih,391448.0,356247.0,35201.0,0.5,0.27,2.76
Jharkhand,Godda,251018.0,239500.0,11518.0,0.35,0.2,3.51
Jharkhand,Gumla,188849.0,176770.0,12079.0,0.44,0.28,2.81
Karnataka,Bagalkot,355377.0,238746.0,116631.0,1.05,0.36,2.48
Karnataka,Chikmagalur,272173.0,215334.0,56839.0,1.66,1.09,3.82
Karnataka,Chitradurga,354143.0,282019.0,72124.0,1.61,1.02,3.94
Karnataka,Dakshina Kannada,425291.0,220806.0,204485.0,5.48,1.57,9.7
Karnataka,Davanagere,404840.0,272929.0,131911.0,1.81,0.6,4.31
Karnataka,Dharwad,372054.0,157960.0,214094.0,4.04,0.38,6.73
Karnataka,Gadag,215602.0,137799.0,77803.0,1.56,0.83,2.87
Karnataka,Gulbarga,465245.0,311531.0,153714.0,2.1,0.47,5.38
Karnataka,Hassan,429292.0,339911.0,89381.0,1.13,0.45,3.73
Karnataka,Haveri,325456.0,254181.0,71275.0,0.75,0.29,2.42
Karnataka,Kodagu,138303.0,118509.0,19794.0,2.39,1.72,6.43
Karnataka,Bangalore,2377056.0,207628.0,2169428.0,18.13,3.05,19.57
Karnataka,Kolar,330990.0,226245.0,104745.0,1.53,0.56,3.62
Karnataka,Koppal,259396.0,213217.0,46179.0,0.82,0.51,2.26
Karnataka,Mandya,426578.0,354049.0,72529.0,0.79,0.42,2.61
Karnataka,Mysore,688422.0,401655.0,286767.0,4.12,0.48,9.23
Karnataka,Ramanagara,259794.0,200171.0,59623.0,1.09,0.6,2.76
Karnataka,Raichur,359337.0,264274.0,95063.0,1.45,0.7,3.52
Karnataka,Shimoga,402139.0,257060.0,145079.0,2.19,0.77,4.7
Karnataka,Tumkur,636394.0,495885.0,140509.0,1.25,0.42,4.19
Karnataka,Udupi,246313.0,174548.0,71765.0,3.68,1.78,8.3
Karnataka,Uttara Kannada,319912.0,226803.0,93109.0,1.92,1.12,3.86
Karnataka,Bangalore Rural,224745.0,162398.0,62347.0,1.66,0.93,3.56
Karnataka,Yadgir,200424.0,161665.0,38759.0,0.7,0.45,1.77
Karnataka,Belgaum,963825.0,708069.0,255756.0,1.82,0.59,5.22
Karnataka,Bellary,481704.0,291383.0,190321.0,2.0,0.47,4.33
Karnataka,Bidar,313521.0,237380.0,76141.0,1.27,0.69,3.05
Karnataka,Bijapur,405076.0,307984.0,97092.0,1.23,0.38,3.95
Karnataka,Chamarajanagar,244198.0,203748.0,40450.0,0.55,0.33,1.62
Karnataka,Chikaballapura,282311.0,220309.0,62002.0,0.95,0.47,2.63
Kerala,Alappuzha,528275.0,245849.0,282426.0,5.46,4.44,6.34
Kerala,Palakkad,628287.0,476318.0,151969.0,4.32,2.94,8.65
Kerala,Pathanamthitta,319968.0,285389.0,34579.0,6.57,5.83,12.62
Kerala,Thiruvananthapuram,828774.0,390607.0,438167.0,8.64,3.44,13.27
Kerala,Thrissur,743830.0,246928.0,496902.0,7.55,4.64,9.0
Kerala,Wayanad,185403.0,178686.0,6717.0,2.54,2.35,7.59
Kerala,Ernakulam,791737.0,256310.0,535427.0,11.21,6.39,13.52
Kerala,Idukki,276976.0,264649.0,12327.0,2.98,2.58,11.44
Kerala,Kannur,543209.0,198846.0,344363.0,6.01,3.57,7.42
Kerala,Kasaragod,267762.0,165969.0,101793.0,3.88,2.74,5.73
Kerala,Kollam,663276.0,373677.0,289599.0,4.76,3.5,6.38
Kerala,Kottayam,480453.0,342707.0,137746.0,7.88,6.38,11.61
Kerala,Kozhikode,683825.0,232228.0,451597.0,5.38,3.24,6.48
Kerala,Malappuram,774595.0,437511.0,337084.0,3.6,3.03,4.34
Lakshadweep,Lakshadweep,10703.0,2523.0,8180.0,3.06,1.19,3.63
Madhya Pradesh,Agarmalwa,Not available,Not available,Not available,Not available,Not available,Not available
Madhya Pradesh,Burhanpur,144154.0,96440.0,47714.0,0.68,0.17,1.72
Madhya Pradesh,Chhatarpur,370885.0,299608.0,71277.0,0.51,0.11,2.17
Madhya Pradesh,Chhindwara,438389.0,330846.0,107543.0,0.82,0.24,2.61
Madhya Pradesh,Damoh,301115.0,250346.0,50769.0,0.48,0.21,1.79
Madhya Pradesh,Datia,159536.0,126467.0,33069.0,0.39,0.15,1.28
Madhya Pradesh,Dewas,304742.0,220809.0,83933.0,1.15,0.25,3.54
Madhya Pradesh,Dhar,419813.0,339844.0,79969.0,0.57,0.24,1.98
Madhya Pradesh,Dindori,168999.0,161808.0,7191.0,0.33,0.24,2.21
Madhya Pradesh,Guna,241433.0,183767.0,57666.0,1.03,0.13,3.9
Madhya Pradesh,Gwalior,369505.0,144130.0,225375.0,4.27,0.29,6.82
Madhya Pradesh,Alirajpur,131747.0,121337.0,10410.0,0.23,0.06,2.13
Madhya Pradesh,Harda,110981.0,88422.0,22559.0,0.89,0.47,2.54
Madhya Pradesh,Hoshangabad,252562.0,174226.0,78336.0,1.14,0.3,3.0
Madhya Pradesh,Indore,615334.0,153259.0,462075.0,7.91,1.12,10.17
Madhya Pradesh,Jabalpur,515029.0,236023.0,279006.0,3.97,0.34,7.04
Madhya Pradesh,Jhabua,207621.0,190362.0,17259.0,0.36,0.1,3.24
Madhya Pradesh,Katni,289026.0,234239.0,54787.0,0.75,0.2,3.13
Madhya Pradesh,Khandwa(East Nimar),265657.0,216711.0,48946.0,0.72,0.18,3.08
Madhya Pradesh,Khargone (West Nimar),366578.0,309603.0,56975.0,0.59,0.25,2.43
Madhya Pradesh,Mandla,249187.0,220889.0,28298.0,0.37,0.13,2.2
Madhya Pradesh,Mandsaur,284411.0,229006.0,55405.0,0.82,0.29,3.0
Madhya Pradesh,Anuppur,168819.0,126225.0,42594.0,0.76,0.18,2.49
Madhya Pradesh,Morena,362309.0,286015.0,76294.0,0.49,0.16,1.73
Madhya Pradesh,Narsinghpur,247616.0,204994.0,42622.0,0.65,0.26,2.49
Madhya Pradesh,Neemuch,175666.0,129968.0,45698.0,1.11,0.39,3.14
Madhya Pradesh,Panna,233654.0,209035.0,24619.0,0.28,0.11,1.73
Madhya Pradesh,Raisen,274210.0,214616.0,59594.0,0.42,0.16,1.32
Madhya Pradesh,Rajgarh,341848.0,289795.0,52053.0,0.47,0.23,1.81
Madhya Pradesh,Ratlam,293116.0,211063.0,82053.0,1.24,0.19,3.96
Madhya Pradesh,Rewa,540373.0,467403.0,72970.0,0.63,0.2,3.41
Madhya Pradesh,Sagar,509355.0,376804.0,132551.0,0.89,0.19,2.88
Madhya Pradesh,Satna,478753.0,390426.0,88327.0,0.78,0.26,3.11
Madhya Pradesh,Ashoknagar,170704.0,141801.0,28903.0,0.36,0.12,1.54
Madhya Pradesh,Sehore,251586.0,206935.0,44651.0,0.62,0.27,2.24
Madhya Pradesh,Seoni,313274.0,277982.0,35292.0,0.38,0.12,2.44
Madhya Pradesh,Singrauli,237186.0,193734.0,43452.0,1.11,0.08,5.69
Madhya Pradesh,Shahdol,248783.0,204690.0,44093.0,0.7,0.2,3.01
Madhya Pradesh,Shajapur,298266.0,243638.0,54628.0,0.46,0.14,1.89
Madhya Pradesh,Sheopur,144748.0,124647.0,20101.0,0.19,0.06,0.97
Madhya Pradesh,Shivpuri,356362.0,303041.0,53321.0,0.52,0.12,2.78
Madhya Pradesh,Sidhi,238474.0,220630.0,17844.0,0.35,0.24,1.72
Madhya Pradesh,Tikamgarh,299214.0,253752.0,45462.0,0.36,0.15,1.55
Madhya Pradesh,Ujjain,384278.0,237288.0,146990.0,1.95,0.18,4.81
Madhya Pradesh,Balaghat,394310.0,341221.0,53089.0,0.43,0.12,2.44
Madhya Pradesh,Umaria,144429.0,121448.0,22981.0,0.58,0.17,2.75
Madhya Pradesh,Vidisha,297419.0,231876.0,65543.0,0.65,0.13,2.49
Madhya Pradesh,Barwani,243061.0,205589.0,37472.0,0.48,0.14,2.35
Madhya Pradesh,Betul,327074.0,260878.0,66196.0,0.64,0.22,2.33
Madhya Pradesh,Bhind,298256.0,227645.0,70611.0,0.39,0.16,1.13
Madhya Pradesh,Bhopal,487750.0,91084.0,396666.0,8.36,0.69,10.12
Maharashtra,Ahmadnagar,901748.0,717718.0,184030.0,2.04,1.06,5.86
Maharashtra,Gadchiroli,245745.0,218935.0,26810.0,0.68,0.46,2.42
Maharashtra,Gondiya,289431.0,241802.0,47629.0,0.99,0.48,3.6
Maharashtra,Hingoli,227041.0,195143.0,31898.0,0.54,0.28,2.13
Maharashtra,Jalgaon,891657.0,618314.0,273343.0,1.6,0.53,4.03
Maharashtra,Jalna,388116.0,318563.0,69553.0,0.98,0.42,3.52
Maharashtra,Kolhapur,821483.0,556628.0,264855.0,2.71,1.24,5.8
Maharashtra,Latur,474149.0,359858.0,114291.0,1.31,0.58,3.62
Maharashtra,Mumbai,637738.0,0.0,637738.0,19.03,Not applicable,19.03
Maharashtra,Mumbai Suburban,2027743.0,0.0,2027743.0,19.96,Not applicable,19.96
Maharashtra,Nagpur,995808.0,324568.0,671240.0,5.82,0.88,8.21
Maharashtra,Akola,391135.0,247752.0,143383.0,1.58,0.51,3.42
Maharashtra,Nanded,656303.0,487624.0,168679.0,1.15,0.43,3.25
Maharashtra,Nandurbar,319623.0,270533.0,49090.0,0.81,0.37,3.21
Maharashtra,Nashik,1180293.0,661977.0,518316.0,3.82,0.93,7.5
Maharashtra,Osmanabad,348760.0,294816.0,53944.0,0.92,0.54,3.0
Maharashtra,Parbhani,360186.0,256063.0,104123.0,1.11,0.37,2.92
Maharashtra,Pune,2076607.0,744114.0,1332493.0,11.32,2.03,16.5
Maharashtra,Raigarh,596514.0,376520.0,219994.0,6.47,1.83,14.41
Maharashtra,Ratnagiri,393379.0,333645.0,59734.0,1.97,1.14,6.64
Maharashtra,Sangli,585227.0,432579.0,152648.0,2.26,1.11,5.5
Maharashtra,Satara,639999.0,518187.0,121812.0,2.2,1.23,6.35
Maharashtra,Amravati,637446.0,424563.0,212883.0,1.48,0.49,3.46
Maharashtra,Sindhudurg,205119.0,180494.0,24625.0,1.71,1.25,5.15
Maharashtra,Solapur,858981.0,583706.0,275275.0,1.76,0.65,4.11
Maharashtra,Thane,2430616.0,526397.0,1904219.0,10.54,1.83,12.95
Maharashtra,Wardha,302680.0,210284.0,92396.0,1.42,0.65,3.19
Maharashtra,Washim,257892.0,217490.0,40402.0,0.73,0.45,2.22
Maharashtra,Yavatmal,640385.0,513041.0,127344.0,0.95,0.37,3.3
Maharashtra,Aurangabad,736587.0,419120.0,317467.0,3.16,0.54,6.62
Maharashtra,Bhandara,275773.0,223299.0,52474.0,1.06,0.5,3.47
Maharashtra,Bid,545073.0,446114.0,98959.0,1.03,0.54,3.26
Maharashtra,Buldhana,553031.0,445247.0,107784.0,0.86,0.44,2.62
Maharashtra,Chandrapur,529612.0,352643.0,176969.0,1.56,0.43,3.8
Maharashtra,Dhule,408700.0,298915.0,109785.0,1.48,0.52,4.1
Manipur,Bishnupur,44891.0,28147.0,16744.0,1.51,1.04,2.28
Manipur,Churachandpur,49916.0,46647.0,3269.0,1.68,1.41,5.48
Manipur,Chandel,29097.0,25860.0,3237.0,0.63,0.52,1.54
Manipur,Imphal East,91806.0,54014.0,37792.0,2.98,1.46,5.15
Manipur,Imphal West,111393.0,41512.0,69881.0,4.41,2.18,5.74
Manipur,Senapati,34487.0,32968.0,1519.0,0.76,0.73,2.5
Manipur,Tamenglong,24477.0,21069.0,3408.0,0.51,0.32,1.7
Manipur,Thoubal,85295.0,54653.0,30642.0,1.03,0.87,1.32
Manipur,Ukhrul,35790.0,30882.0,4908.0,0.77,0.62,1.73
Meghalaya,East Garo Hills,57357.0,49612.0,7745.0,0.5,0.25,2.09
Meghalaya,South West Garo Hills,Not available,Not available,Not available,Not available,Not available,Not available
Meghalaya,South West Khasi Hills,Not available,Not available,Not available,Not available,Not available,Not available
Meghalaya,East Khasi Hills,160832.0,84694.0,76138.0,3.13,0.42,6.14
Meghalaya,Jaintia Hills,64842.0,59681.0,5161.0,0.79,0.52,3.89
Meghalaya,Ribhoi,45660.0,41925.0,3735.0,0.64,0.63,0.7
Meghalaya,South Garo Hills,24208.0,21836.0,2372.0,0.74,0.53,2.66
Meghalaya,West Garo Hills,121780.0,107941.0,13839.0,1.34,0.72,6.19
Meghalaya,West Khasi Hills,63620.0,56508.0,7112.0,0.23,0.17,0.76
Meghalaya,East Jaintia Hills,Not available,Not available,Not available,Not available,Not available,Not available
Meghalaya,North Garo Hills,Not available,Not available,Not available,Not available,Not available,Not available
Mizoram,Aizawl,81912.0,17157.0,64755.0,4.91,0.57,6.06
Mizoram,Champhai,25660.0,15604.0,10056.0,0.72,0.37,1.27
Mizoram,Kolasib,17296.0,7664.0,9632.0,2.12,0.5,3.42
Mizoram,Lawngtlai,22894.0,19039.0,3855.0,0.71,0.4,2.23
Mizoram,Lunglei,32617.0,18748.0,13869.0,1.48,0.27,3.11
Mizoram,Mamit,17204.0,14048.0,3156.0,0.52,0.39,1.11
Mizoram,Saihag,10914.0,6305.0,4609.0,1.54,0.41,3.08
Mizoram,Serchhip,12580.0,6309.0,6271.0,1.04,0.79,1.29
Nagaland,Dimapur,76732.0,36034.0,40698.0,4.3,2.64,5.77
Nagland,Wokha,33269.0,27028.0,6241.0,0.6,0.36,1.63
Nagland,Zunheboto,30333.0,25388.0,4945.0,0.86,0.53,2.55
Nagaland,Kiphire,16655.0,13400.0,3255.0,0.28,0.13,0.89
Nagaland,Kohima,52136.0,26421.0,25715.0,3.7,0.93,6.54
Nagaland,Longleng,11580.0,9896.0,1684.0,0.32,0.12,1.48
Nagaland,Mokokchung,42344.0,30016.0,12328.0,1.27,0.54,3.04
Nagaland,Mon,41347.0,35804.0,5543.0,0.43,0.21,1.86
Nagaland,Peren,18691.0,15850.0,2841.0,0.65,0.34,2.36
Nagland,Phek,37891.0,32889.0,5002.0,0.45,0.33,1.22
Nagland,Tuensang,38987.0,32185.0,6802.0,0.4,0.18,1.44
Odisha,Angul,295922.0,249585.0,46337.0,1.88,0.94,6.92
Odisha,Gajapati,128818.0,112872.0,15946.0,0.49,0.25,2.18
Odisha,Ganjam,756894.0,602216.0,154678.0,1.2,0.44,4.16
Odisha,Jagatsinghpur,265588.0,237411.0,28177.0,1.2,0.93,3.48
Odisha,Jajpur,407572.0,378135.0,29437.0,0.94,0.71,3.84
Odisha,Jharsuguda,134624.0,83664.0,50960.0,1.86,0.43,4.19
Odisha,Kalahandi,404814.0,377001.0,27813.0,0.48,0.26,3.52
Odisha,Kandhamal,172004.0,155335.0,16669.0,0.45,0.21,2.68
Odisha,Kendrapara,327405.0,311465.0,15940.0,0.5,0.43,1.89
Odisha,Keonjhar,406629.0,349736.0,56893.0,0.64,0.26,3.0
Odisha,Khurda,489636.0,247940.0,241696.0,7.29,0.81,13.94
Odisha,Balangir,432081.0,387345.0,44736.0,0.76,0.34,4.44
Odisha,Koraput,338205.0,283522.0,54683.0,1.18,0.25,5.98
Odisha,Malkangiri,137450.0,126306.0,11144.0,0.33,0.21,1.7
Odisha,Mayurbhanj,587648.0,254494.0,42884.0,0.5,0.25,3.66
Odisha,Nabarangpur,273663.0,253461.0,20202.0,0.48,0.32,2.53
Odisha,Nuapada,159947.0,151921.0,8026.0,0.47,0.35,2.89
Odisha,Nayagarh,230968.0,213265.0,17703.0,0.5,0.37,2.07
Odisha,Puri,369482.0,317002.0,52480.0,0.92,0.47,3.65
Odisha,Rayagada,225964.0,191615.0,34349.0,0.69,0.26,3.06
Odisha,Sambalpur,248829.0,178958.0,69871.0,2.1,0.38,6.51
Odisha,Balasore,529407.0,473512.0,55895.0,1.39,0.99,4.81
Odisha,Sundargarh,473293.0,310762.0,162531.0,2.7,0.52,6.87
Odisha,Bargarh,373391.0,339364.0,34027.0,0.64,0.32,3.91
Odisha,Baudh,107727.0,103239.0,4488.0,0.23,0.13,2.43
Odisha,Bhadrak,309527.0,274191.0,21850.0,0.85,0.58,2.95
Odisha,Cuttack,566831.0,425082.0,141749.0,2.65,0.63,8.73
Odisha,Deogarh,75942.0,70511.0,5431.0,1.09,0.96,2.76
Odisha,Dhenkanal,278370.0,253118.0,25252.0,0.65,0.29,4.27
Puducherry,Karaikal,50068.0,25858.0,24210.0,3.73,1.57,6.04
Puducherry,Mahe,7197.0,-,7197.0,7.98,0.0,7.98
Puducherry,Puducherry (Pondicherry),230703.0,69275.0,161428.0,6.69,1.16,9.07
Puducherry,Yanam,13308.0,-,13308.0,1.56,0.0,1.56
Punjab,Amritsar,480303.0,212566.0,267737.0,6.24,1.97,9.63
Punjab,Jalandhar,454073.0,213390.0,240683.0,8.61,3.36,13.26
Punjab,Kapurthala,165336.0,106870.0,58466.0,5.89,2.89,11.37
Punjab,Ludhiana,716104.0,278323.0,437781.0,8.18,3.59,11.1
Punjab,Mansa,147127.0,115334.0,31793.0,1.82,0.91,5.1
Punjab,Moga,191228.0,145530.0,45698.0,4.13,2.58,9.06
Punjab,Muktsar,172792.0,122957.0,49835.0,2.65,1.44,5.62
Punjab,Pathankot,Not available,Not available,Not available,Not available,Not available,Not available
Punjab,Patiala,361740.0,209720.0,152020.0,6.71,1.82,13.46
Punjab,Roopnagar,132854.0,96022.0,36832.0,4.97,2.65,11.0
Punjab,Sahibzada Ajit Singh Nagar (Mohali),197101.0,82601.0,114500.0,13.16,2.17,21.09
Punjab,Barnala,112276.0,74819.0,37457.0,3.12,1.59,6.18
Punjab,Sangrur,314030.0,215367.0,98663.0,3.42,2.05,6.41
Punjab,Shahid Bhagat Singh Nagar (Nawan Shahr),128634.0,102297.0,26337.0,4.09,2.96,8.5
Punjab,Tarn Taran,201047.0,175080.0,25967.0,2.14,1.57,5.95
Punjab,Bhatinda,266035.0,170853.0,95182.0,4.24,1.38,9.37
Punjab,Faridkot,118193.0,76262.0,41931.0,3.68,1.59,7.48
Punjab,Fatehgarh Sahib,115753.0,77684.0,38069.0,4.44,2.39,8.61
Punjab,Fazilka,Not available,Not available,Not available,Not available,Not available,Not available
Punjab,Firozpur,374167.0,271536.0,102631.0,2.68,1.35,6.22
Punjab,Gurdaspur,431212.0,309898.0,121314.0,3.35,1.74,7.44
Punjab,Hoshiarpur,329694.0,258523.0,71171.0,4.17,2.42,10.53
Rajasthan,Ajmer,483931.0,294870.0,189061.0,,,
Rajasthan,Chittaurgarh,326449.0,268363.0,58086.0,1.51,0.39,6.73
Rajasthan,Churu,347351.0,254921.0,92430.0,0.74,0.27,2.05
Rajasthan,Dausa,290829.0,256059.0,34770.0,0.59,0.31,2.69
Rajasthan,Dhaulpur,202184.0,161598.0,40586.0,,,
Rajasthan,Ganganagar,373877.0,269763.0,104114.0,1.68,0.69,4.27
Rajasthan,Hanumangarh,328871.0,261513.0,67358.0,1.02,0.46,3.22
Rajasthan,Jaipur,1145904.0,502634.0,643270.0,,,
Rajasthan,Jaisalmer,113399.0,98284.0,15115.0,0.66,0.21,3.65
Rajasthan,Jalor,329516.0,302242.0,27274.0,0.48,0.29,2.56
Rajasthan,Alwar,628913.0,505266.0,123647.0,1.55,0.55,5.65
Rajasthan,Jhalawar,282208.0,237475.0,44733.0,0.62,0.3,2.32
Rajasthan,Jhunjhunun,383664.0,301647.0,82017.0,1.26,0.69,3.34
Rajasthan,Jodhpur,626578.0,413367.0,213211.0,,,
Rajasthan,Karauli,262659.0,225191.0,37468.0,0.4,0.17,1.81
Rajasthan,Kota,379825.0,149275.0,230550.0,3.38,0.5,5.25
Rajasthan,Nagaur,583941.0,483188.0,100753.0,0.76,0.41,2.43
Rajasthan,Pali,428992.0,341833.0,87159.0,0.94,0.38,3.16
Rajasthan,Pratapgarh,178046.0,163574.0,14472.0,0.4,0.21,2.61
Rajasthan,Rajsamand,253987.0,206526.0,47461.0,0.81,0.29,3.87
Rajasthan,Sawai Madhopur,253987.0,206526.0,47461.0,0.74,0.31,2.64
Rajasthan,Banswara,366059.0,339174.0,26885.0,0.63,0.25,5.45
Rajasthan,Sikar,445713.0,347063.0,98650.0,1.27,0.77,3.0
Rajasthan,Sirohi,202260.0,161080.0,41180.0,1.06,0.4,3.64
Rajasthan,Tonk,267840.0,214114.0,53726.0,0.71,0.26,2.52
Rajasthan,Udaipur,617921.0,496777.0,121144.0,2.3,0.37,10.2
Rajasthan,Baran,240321.0,191575.0,48746.0,0.57,0.26,1.79
Rajasthan,Barmer,447776.0,416017.0,31759.0,0.62,0.32,4.54
Rajasthan,Bharatpur,423607.0,338086.0,85521.0,0.99,0.51,2.87
Rajasthan,Bhilwara,493597.0,394235.0,99362.0,1.26,0.32,4.97
Rajasthan,Bikaner,375970.0,242492.0,133478.0,2.02,0.37,5.03
Rajasthan,Bundi,220071.0,177525.0,42546.0,0.63,0.25,2.22
SIKKIM,East Sikkim,61122.0,32212.0,28910.0,5.38,1.55,9.65
SIKKIM,North Sikkim,8903.0,7951.0,952.0,1.3,0.73,6.09
SIKKIM,South Sikkim,30246.0,25476.0,4770.0,1.95,1.16,6.18
SIKKIM,West Sikkim,27860.0,26731.0,1129.0,1.03,0.86,5.05
Tamilnadu,Ariyalur,198106.0,176818.0,21288.0,0.88,0.72,2.21
Tamilnadu,Karur,287848.0,168830.0,119018.0,1.71,0.63,3.23
Tamilnadu,Krishngiri,450062.0,344807.0,105255.0,2.14,0.94,6.06
Tamilnadu,Madurai,797939.0,319126.0,478813.0,4.27,1.0,6.46
Tamilnadu,Nagapattinam,412656.0,323340.0,89316.0,1.35,0.87,3.1
Tamilnadu,Namakkal,477757.0,284156.0,193601.0,1.88,1.22,2.84
Tamilnadu,Perambalur,149401.0,124419.0,24982.0,1.01,0.71,2.48
Tamilnadu,Pudukkottai,390628.0,312868.0,77760.0,1.15,0.62,3.3
Tamilnadu,Ramanathapuram,328955.0,232147.0,96808.0,1.57,1.07,2.77
Tamilnadu,Salem,918899.0,454964.0,463935.0,2.25,0.77,3.69
Tamilnadu,Sivaganga,341960.0,236937.0,105023.0,1.69,0.89,3.49
Tamilnadu,Chennai,1106567.0,-,1106567.0,19.64,Not available,19.64
Tamilnadu,Thanjavur,605074.0,391191.0,213883.0,2.23,1.01,4.46
Tamilnadu,The Nilgiries,198922.0,84366.0,114556.0,2.29,1.2,3.1
Tamilnadu,Theni,340965.0,158207.0,182758.0,1.37,0.82,1.85
Tamilnadu,Thiruvallur,938822.0,325798.0,613024.0,8.08,1.76,11.4
Tamilnadu,Thoothukkudi,464324.0,239037.0,225287.0,2.47,0.88,4.15
Tamilnadu,Tiruchirappalli,700852.0,358811.0,342041.0,4.29,1.15,7.58
Tamilnadu,Tirunelvel,820327.0,422597.0,397730.0,2.32,1.22,3.5
Tamilnadu,Tiruppur,700706.0,283140.0,417566.0,2.45,1.34,3.21
Tamilnadu,Tiruvannamalai,593264.0,477106.0,116158.0,1.09,0.62,3.01
Tamilnadu,Coimbotore,945943.0,237155.0,708788.0,6.69,1.66,8.37
Tamilnadu,Vellore,927318.0,537022.0,390296.0,2.22,0.94,3.99
Tamilnadu,Viluppuram,804343.0,683022.0,121321.0,1.05,0.66,3.27
Tamilnadu,Virudhunagar,540132.0,266882.0,273250.0,1.89,0.89,2.87
Tamilnadu,Cuddalore,637422.0,425191.0,212231.0,2.42,0.91,5.43
Tamilnadu,Dharampuri,380924.0,315563.0,65361.0,0.96,0.61,2.64
Tamilnadu,Dindigul,563172.0,352757.0,210415.0,1.63,0.81,2.99
Tamilnadu,Erode,658734.0,324097.0,334637.0,2.82,1.56,4.05
Tamilnadu,Kancheepuram,993809.0,354476.0,639333.0,10.09,2.26,14.44
Tamilnadu,Kanniyakumari,489201.0,86390.0,402811.0,3.2,2.22,3.42
Telangana,Adilabad,651770.0,473949.0,177821.0,0.69,0.68,0.74
Telangana,Warangal,888553.0,652254.0,236299.0,1.46,0.45,4.23
Telangana,Hyderabad,881512.0,Not available,881512.0,16.91,Not available,16.91
Telangana,Karimnagar,980739.0,746956.0,233783.0,0.9,0.38,2.58
Telangana,Khamman,747586.0,578490.0,169096.0,1.15,0.5,3.38
Telangana,Mahabubnagar,873859.0,750446.0,123413.0,0.7,0.33,2.98
Telangana,Medak,666764.0,511576.0,155188.0,1.3,0.4,4.23
Telangana,Nalgonda,875432.0,720569.0,154863.0,0.88,0.53,2.51
Telangana,Nizamabad,590733.0,462799.0,127934.0,0.89,0.44,2.54
Telangana,Ragareddy,1263714.0,352247.0,911467.0,11.31,1.0,15.29
Tripura,Dhalai,83097.0,73160.0,9937.0,0.33,0.25,0.91
Tripura,Gomati,Not available,Not available,Not available,Not available,Not available,Not available
Tripura,Khowai,Not available,Not available,Not available,Not available,Not available,Not available
Tripura,North Tripura,150931.0,122693.0,28238.0,0.66,0.44,1.63
Tripura,Shipahijala,Not available,Not available,Not available,Not available,Not available,Not available
Tripura,South Tripura,205283.0,173665.0,31618.0,0.46,0.28,1.44
Tripura,Unokoti,Not available,Not available,Not available,Not available,Not available,Not available
Tripura,West Tripura,403470.0,238261.0,165209.0,1.58,0.54,3.1
Uttar Pradesh,Agra,672610.0,367102.0,305508.0,4.04,0.86,7.86
Uttar Pradesh,Balrampur,320991.0,296167.0,24824.0,0.48,0.35,2.08
Uttar Pradesh,Banda,322737.0,273445.0,49292.0,0.51,0.24,2.01
Uttar Pradesh,Barabanki,567717.0,514291.0,53426.0,0.56,0.39,2.2
Uttar Pradesh,Bareilly,746222.0,475575.0,270647.0,2.03,0.62,4.5
Uttar Pradesh,Basti,379790.0,358566.0,21224.0,0.9,0.69,4.42
Uttar Pradesh,Bijnor,628808.0,476873.0,151935.0,1.16,0.8,2.3
Uttar Pradesh,Badaun,610904.0,501193.0,109711.0,0.59,0.41,1.46
Uttar Pradesh,Bulandshahr,582676.0,438742.0,143934.0,1.35,0.65,3.47
Uttar Pradesh,Chandauli,294718.0,256548.0,38170.0,1.18,0.86,3.39
Uttar Pradesh,Chitrakoot,167458.0,150784.0,16674.0,0.49,0.3,2.27
Uttar Pradesh,Aligarh,604612.0,406432.0,198180.0,2.25,0.74,5.37
Uttar Pradesh,Deoria,472564.0,426692.0,45872.0,0.95,0.7,3.23
Uttar Pradesh,Etah,290474.0,245668.0,44806.0,0.91,0.51,3.06
Uttar Pradesh,Etawah,275333.0,214002.0,61331.0,1.08,0.67,2.49
Uttar Pradesh,Faizabad,417829.0,362059.0,55770.0,1.14,0.65,4.31
Uttar Pradesh,Farrukhabad,308056.0,239285.0,68771.0,0.85,0.54,1.94
Uttar Pradesh,Fatehpur,473021.0,416615.0,56406.0,0.72,0.52,2.15
Uttar Pradesh,Firozabad,412147.0,271428.0,140719.0,1.42,0.56,3.06
Uttar Pradesh,Gautam Buddha Nagar,316278.0,109179.0,207099.0,16.81,4.27,23.43
Uttar Pradesh,Ghaziabad,829843.0,242727.0,587116.0,9.41,1.32,12.76
Uttar Pradesh,Ghazipur,524961.0,485939.0,39022.0,1.01,0.84,3.14
Uttar Pradesh,Allahabad,898553.0,696236.0,202317.0,2.68,1.0,8.49
Uttar Pradesh,Gonda,535561.0,500060.0,35501.0,0.81,0.54,4.56
Uttar Pradesh,Gorakhpur,695366.0,559062.0,136304.0,2.1,0.96,6.78
Uttar Pradesh,Hamirpur,209558.0,171971.0,37587.0,0.57,0.29,1.87
Uttar Pradesh,Hardoi,708721.0,619495.0,89226.0,0.54,0.31,2.16
Uttar Pradesh,Hathras (Earlier Mahamaya Nagar),259914.0,204968.0,54946.0,1.19,0.81,2.59
Uttar Pradesh,Jalaun,287219.0,216920.0,70299.0,0.77,0.45,1.76
Uttar Pradesh,Jaunpur,666988.0,615793.0,51195.0,1.2,0.98,3.83
Uttar Pradesh,Jhansi,358220.0,214711.0,143509.0,2.38,0.72,4.86
Uttar Pradesh,Jyotiba Phule Nagar,312836.0,234453.0,78383.0,0.9,0.54,2.0
Uttar Pradesh,Kannauj,278738.0,232517.0,46221.0,0.89,0.59,2.4
Uttar Pradesh,Ambedkar Nagar,364457.0,321866.0,42591.0,0.69,0.55,1.7
Uttar Pradesh,Kanpur Dehat,329473.0,299000.0,30473.0,0.81,0.67,2.2
Uttar Pradesh,Kanpur Nagar,821148.0,291529.0,529619.0,4.14,0.41,6.19
Rajasthan,Kanshiram Nagar,236496.0,190576.0,45920.0,0.69,0.43,1.76
Uttar Pradesh,Kaushambi,276393.0,254926.0,21467.0,0.54,0.48,1.28
Uttar Pradesh,Kheri,710036.0,630131.0,79905.0,0.48,0.29,2.0
Uttar Pradesh,Kushinagar,558626.0,531928.0,26698.0,0.62,0.53,2.4
Uttar Pradesh,Lalitpur,217878.0,186503.0,31375.0,0.5,0.24,2.02
Uttar Pradesh,Lucknow,822591.0,274212.0,548379.0,8.33,0.87,12.06
Uttar Pradesh,Maharajganj,180503.0,173025.0,7478.0,0.64,0.57,1.97
Uttar Pradesh,Mahoba,163474.0,129475.0,33999.0,0.81,0.53,1.86
Uttar Pradesh,Auraiya,248370.0,207674.0,40696.0,0.97,0.69,2.41
Uttar Pradesh,Mainpuri,311184.0,262409.0,48775.0,0.85,0.53,2.55
Uttar Pradesh,Mathura,410783.0,290944.0,119839.0,2.12,1.0,4.85
Uttar Pradesh,Mau,320833.0,252219.0,68614.0,0.83,0.66,0.01
Uttar Pradesh,Meerut,568745.0,268299.0,300446.0,4.17,1.01,6.99
Uttar Pradesh,Mirzapur,390819.0,335481.0,55338.0,1.14,0.68,3.93
Uttar Pradesh,Moradabad,784739.0,520831.0,263908.0,1.49,0.46,3.53
Uttar Pradesh,Muzaffarnagar,681387.0,481057.0,200330.0,1.48,0.76,3.19
Uttar Pradesh,Pilibhit,361470.0,297601.0,63869.0,0.79,0.45,2.42
Uttar Pradesh,Pratapgarh,534254.0,506922.0,27332.0,0.96,0.82,3.57
Uttar Pradesh,Rae Bareli,614353.0,561905.0,52448.0,0.84,0.59,3.58
Uttar Pradesh,Azamgarh,659930.0,608684.0,51246.0,1.01,0.8,3.49
Uttar Pradesh,Rampur,393441.0,291440.0,102001.0,0.98,0.61,2.02
Uttar Pradesh,Saharanpur,588976.0,404600.0,184376.0,1.65,0.68,3.77
Uttar Pradesh,Sant Kabir Nagar,258040.0,239614.0,18426.0,0.79,0.68,2.23
Uttar Pradesh,Sant Ravidas Nagar (Bhadohi),219685.0,187958.0,31727.0,1.32,1.01,-3.15
Uttar Pradesh,Shahjahanpur,518201.0,418787.0,99414.0,0.75,0.44,2.05
Uttar Pradesh,Shrawasti,186276.0,180317.0,5959.0,0.33,0.31,1.04
Uttar Pradesh,Siddharthnagar,376477.0,352651.0,23826.0,0.65,0.57,1.81
Uttar Pradesh,Sitapur,793861.0,710299.0,83562.0,0.49,0.3,2.1
Uttar Pradesh,Sonbhadra,326918.0,267308.0,59610.0,1.58,0.48,6.48
Uttar Pradesh,Sultanpur,627925.0,595287.0,32638.0,0.95,0.7,5.54
Uttar Pradesh,Baghpat,207090.0,162811.0,44279.0,1.44,0.93,3.33
Uttar Pradesh,Unnao,567491.0,475335.0,92156.0,0.61,0.33,2.06
Uttar Pradesh,Varanasi,541704.0,301485.0,240219.0,3.55,1.22,6.47
Uttar Pradesh,Amethi,Not available,Not available,Not available,Not available,Not available,Not available
Uttar Pradesh,Hapur,Not available,Not available,Not available,Not available,Not available,Not available
Uttar Pradesh,Sambhal,Not available,Not available,Not available,Not available,Not available,Not available
Uttar Pradesh,Shamali,Not available,Not available,Not available,Not available,Not available,Not available
Uttar Pradesh,Bahraich,595178.0,549894.0,45284.0,0.45,0.31,2.13
Uttar Pradesh,Ballia,482440.0,437289.0,45151.0,0.97,0.82,2.36
Uttarakhand,Almora,139257.0,126476.0,12781.0,1.31,0.74,6.99
Uttarakhand,Rudraprayag,53492.0,51064.0,2428.0,0.78,0.69,2.64
Uttarakhand,Tehri Garhwal,133494.0,116988.0,16506.0,1.02,0.56,4.33
Uttarakhand,Udham Singh Nagar,300052.0,194695.0,105357.0,2.63,1.84,4.09
Uttarakhand,Uttarkashi,66558.0,61149.0,5409.0,0.09,0.68,3.42
Uttarakhand,Bageshwar,57712.0,55748.0,1964.0,0.75,0.64,3.97
Uttarakhand,Chamoli,85795.0,72744.0,13021.0,1.05,0.58,3.65
Uttarakhand,Champawat,52356.0,44386.0,7970.0,1.05,0.61,3.46
Uttarakhand,Dehradun,322700.0,137051.0,185649.0,8.01,3.15,11.6
Uttarakhand,Garhwal (Pauri Garhwal),161688.0,137102.0,24586.0,1.63,0.91,5.65
Uttarakhand,Haridwar,325344.0,199642.0,125702.0,3.67,1.11,7.75
Uttarakhand,Nainital,187108.0,112670.0,74438.0,3.88,1.97,6.77
Uttarakhand,Pithoragarh,111542.0,95130.0,16412.0,1.2,0.56,4.94
West Bengal,Alipurduar,Not available,Not available,Not available,Not available,Not available,Not available
West Bengal,Howrah (Haora),1029114.0,388459.0,640655.0,2.99,0.57,4.46
West Bengal,Jalpaiguri,861401.0,620432.0,240969.0,1.08,0.37,2.91
West Bengal,Kolkata,964183.0,-,964183.0,14.17,Not applicable,14.17
West Bengal,Malda,838938.0,729770.0,109168.0,0.64,0.3,2.87
West Bengal,Murshidabad,1561892.0,1282692.0,279200.0,0.51,0.26,1.67
West Bengal,Nadia,1231856.0,879934.0,351922.0,1.04,0.47,2.47
West Bengal,North 24 Parganas,2283567.0,988219.0,1295348.0,4.61,0.83,7.49
West Bengal,Purulia,569254.0,496403.0,72851.0,0.62,0.31,2.79
West Bengal,South 24 Parganas,1770331.0,1291490.0,478841.0,1.17,0.41,3.2
West Bengal,Uttar Dinajpur (North Dinajpur),598172.0,529416.0,68756.0,0.48,0.22,2.48
West Bengal,Bankura,756438.0,691417.0,65021.0,0.25,0.22,0.95
West Bengal,West Midnapore (Paschim Medinipur),1262269.0,1109569.0,152700.0,0.71,0.3,3.67
West Bengal,Barddhaman (Burdwan),1705506.0,1064226.0,641280.0,1.9,0.64,3.98
West Bengal,Birbhum,812954.0,711236.0,101718.0,0.64,0.33,2.83
West Bengal,Cooch Behar (Koch Bihar),673931.0,604602.0,69329.0,0.52,0.28,2.64
West Bengal,Dakshin Dinajpur (South Dinajpur),396221.0,338680.0,57541.0,0.64,0.22,3.05
West Bengal,Darjeeling,382289.0,234411.0,147878.0,2.86,0.87,6.03
West Bengal,East Midnapore (Purba Medinipur),1099545.0,978844.0,120701.0,0.83,0.45,3.86
West Bengal,Hoogly (Hugli),1269438.0,777386.0,492052.0,2.5,0.8,5.18
